# source_asset_relative_to_seeds_assets	target_object_key
provider_profile_photo/plomeria-01.webp	seed/profile_photo/providers-100/provider-0001.webp
provider_profile_photo/electricidad-02.webp	seed/profile_photo/providers-100/provider-0002.webp
provider_profile_photo/gas-03.webp	seed/profile_photo/providers-100/provider-0003.webp
provider_profile_photo/carpinteria-01.webp	seed/profile_photo/providers-100/provider-0004.webp
provider_profile_photo/pintura-02.webp	seed/profile_photo/providers-100/provider-0005.webp
provider_profile_photo/climatizacion-03.webp	seed/profile_photo/providers-100/provider-0006.webp
provider_profile_photo/plomeria-01.webp	seed/profile_photo/providers-100/provider-0007.webp
provider_profile_photo/electricidad-02.webp	seed/profile_photo/providers-100/provider-0008.webp
provider_profile_photo/gas-03.webp	seed/profile_photo/providers-100/provider-0009.webp
provider_profile_photo/carpinteria-01.webp	seed/profile_photo/providers-100/provider-0010.webp
provider_profile_photo/pintura-02.webp	seed/profile_photo/providers-100/provider-0011.webp
provider_profile_photo/climatizacion-03.webp	seed/profile_photo/providers-100/provider-0012.webp
provider_profile_photo/plomeria-01.webp	seed/profile_photo/providers-100/provider-0013.webp
provider_profile_photo/electricidad-02.webp	seed/profile_photo/providers-100/provider-0014.webp
provider_profile_photo/gas-03.webp	seed/profile_photo/providers-100/provider-0015.webp
provider_profile_photo/carpinteria-01.webp	seed/profile_photo/providers-100/provider-0016.webp
provider_profile_photo/pintura-02.webp	seed/profile_photo/providers-100/provider-0017.webp
provider_profile_photo/climatizacion-03.webp	seed/profile_photo/providers-100/provider-0018.webp
provider_profile_photo/plomeria-01.webp	seed/profile_photo/providers-100/provider-0019.webp
provider_profile_photo/electricidad-02.webp	seed/profile_photo/providers-100/provider-0020.webp
provider_profile_photo/gas-03.webp	seed/profile_photo/providers-100/provider-0021.webp
provider_profile_photo/carpinteria-01.webp	seed/profile_photo/providers-100/provider-0022.webp
provider_profile_photo/pintura-02.webp	seed/profile_photo/providers-100/provider-0023.webp
provider_profile_photo/climatizacion-03.webp	seed/profile_photo/providers-100/provider-0024.webp
provider_profile_photo/plomeria-01.webp	seed/profile_photo/providers-100/provider-0025.webp
provider_profile_photo/electricidad-02.webp	seed/profile_photo/providers-100/provider-0026.webp
provider_profile_photo/gas-03.webp	seed/profile_photo/providers-100/provider-0027.webp
provider_profile_photo/carpinteria-01.webp	seed/profile_photo/providers-100/provider-0028.webp
provider_profile_photo/pintura-02.webp	seed/profile_photo/providers-100/provider-0029.webp
provider_profile_photo/climatizacion-03.webp	seed/profile_photo/providers-100/provider-0030.webp
provider_profile_photo/plomeria-01.webp	seed/profile_photo/providers-100/provider-0031.webp
provider_profile_photo/electricidad-02.webp	seed/profile_photo/providers-100/provider-0032.webp
provider_profile_photo/gas-03.webp	seed/profile_photo/providers-100/provider-0033.webp
provider_profile_photo/carpinteria-01.webp	seed/profile_photo/providers-100/provider-0034.webp
provider_profile_photo/pintura-02.webp	seed/profile_photo/providers-100/provider-0035.webp
provider_profile_photo/climatizacion-03.webp	seed/profile_photo/providers-100/provider-0036.webp
provider_profile_photo/plomeria-01.webp	seed/profile_photo/providers-100/provider-0037.webp
provider_profile_photo/electricidad-02.webp	seed/profile_photo/providers-100/provider-0038.webp
provider_profile_photo/gas-03.webp	seed/profile_photo/providers-100/provider-0039.webp
provider_profile_photo/carpinteria-01.webp	seed/profile_photo/providers-100/provider-0040.webp
provider_profile_photo/pintura-02.webp	seed/profile_photo/providers-100/provider-0041.webp
provider_profile_photo/climatizacion-03.webp	seed/profile_photo/providers-100/provider-0042.webp
provider_profile_photo/plomeria-01.webp	seed/profile_photo/providers-100/provider-0043.webp
provider_profile_photo/electricidad-02.webp	seed/profile_photo/providers-100/provider-0044.webp
provider_profile_photo/gas-03.webp	seed/profile_photo/providers-100/provider-0045.webp
provider_profile_photo/carpinteria-01.webp	seed/profile_photo/providers-100/provider-0046.webp
provider_profile_photo/pintura-02.webp	seed/profile_photo/providers-100/provider-0047.webp
provider_profile_photo/climatizacion-03.webp	seed/profile_photo/providers-100/provider-0048.webp
provider_profile_photo/plomeria-01.webp	seed/profile_photo/providers-100/provider-0049.webp
provider_profile_photo/electricidad-02.webp	seed/profile_photo/providers-100/provider-0050.webp
provider_profile_photo/gas-03.webp	seed/profile_photo/providers-100/provider-0051.webp
provider_profile_photo/carpinteria-01.webp	seed/profile_photo/providers-100/provider-0052.webp
provider_profile_photo/pintura-02.webp	seed/profile_photo/providers-100/provider-0053.webp
provider_profile_photo/climatizacion-03.webp	seed/profile_photo/providers-100/provider-0054.webp
provider_profile_photo/plomeria-01.webp	seed/profile_photo/providers-100/provider-0055.webp
provider_profile_photo/electricidad-02.webp	seed/profile_photo/providers-100/provider-0056.webp
provider_profile_photo/gas-03.webp	seed/profile_photo/providers-100/provider-0057.webp
provider_profile_photo/carpinteria-01.webp	seed/profile_photo/providers-100/provider-0058.webp
provider_profile_photo/pintura-02.webp	seed/profile_photo/providers-100/provider-0059.webp
provider_profile_photo/climatizacion-03.webp	seed/profile_photo/providers-100/provider-0060.webp
provider_profile_photo/plomeria-01.webp	seed/profile_photo/providers-100/provider-0061.webp
provider_profile_photo/electricidad-02.webp	seed/profile_photo/providers-100/provider-0062.webp
provider_profile_photo/gas-03.webp	seed/profile_photo/providers-100/provider-0063.webp
provider_profile_photo/carpinteria-01.webp	seed/profile_photo/providers-100/provider-0064.webp
provider_profile_photo/pintura-02.webp	seed/profile_photo/providers-100/provider-0065.webp
provider_profile_photo/climatizacion-03.webp	seed/profile_photo/providers-100/provider-0066.webp
provider_profile_photo/plomeria-01.webp	seed/profile_photo/providers-100/provider-0067.webp
provider_profile_photo/electricidad-02.webp	seed/profile_photo/providers-100/provider-0068.webp
provider_profile_photo/gas-03.webp	seed/profile_photo/providers-100/provider-0069.webp
provider_profile_photo/carpinteria-01.webp	seed/profile_photo/providers-100/provider-0070.webp
provider_profile_photo/pintura-02.webp	seed/profile_photo/providers-100/provider-0071.webp
provider_profile_photo/climatizacion-03.webp	seed/profile_photo/providers-100/provider-0072.webp
provider_profile_photo/plomeria-01.webp	seed/profile_photo/providers-100/provider-0073.webp
provider_profile_photo/electricidad-02.webp	seed/profile_photo/providers-100/provider-0074.webp
provider_profile_photo/gas-03.webp	seed/profile_photo/providers-100/provider-0075.webp
provider_profile_photo/carpinteria-01.webp	seed/profile_photo/providers-100/provider-0076.webp
provider_profile_photo/pintura-02.webp	seed/profile_photo/providers-100/provider-0077.webp
provider_profile_photo/climatizacion-03.webp	seed/profile_photo/providers-100/provider-0078.webp
provider_profile_photo/plomeria-01.webp	seed/profile_photo/providers-100/provider-0079.webp
provider_profile_photo/electricidad-02.webp	seed/profile_photo/providers-100/provider-0080.webp
provider_profile_photo/gas-03.webp	seed/profile_photo/providers-100/provider-0081.webp
provider_profile_photo/carpinteria-01.webp	seed/profile_photo/providers-100/provider-0082.webp
provider_profile_photo/pintura-02.webp	seed/profile_photo/providers-100/provider-0083.webp
provider_profile_photo/climatizacion-03.webp	seed/profile_photo/providers-100/provider-0084.webp
provider_profile_photo/plomeria-01.webp	seed/profile_photo/providers-100/provider-0085.webp
provider_profile_photo/electricidad-02.webp	seed/profile_photo/providers-100/provider-0086.webp
provider_profile_photo/gas-03.webp	seed/profile_photo/providers-100/provider-0087.webp
provider_profile_photo/carpinteria-01.webp	seed/profile_photo/providers-100/provider-0088.webp
provider_profile_photo/pintura-02.webp	seed/profile_photo/providers-100/provider-0089.webp
provider_profile_photo/climatizacion-03.webp	seed/profile_photo/providers-100/provider-0090.webp
provider_profile_photo/plomeria-01.webp	seed/profile_photo/providers-100/provider-0091.webp
provider_profile_photo/electricidad-02.webp	seed/profile_photo/providers-100/provider-0092.webp
provider_profile_photo/gas-03.webp	seed/profile_photo/providers-100/provider-0093.webp
provider_profile_photo/carpinteria-01.webp	seed/profile_photo/providers-100/provider-0094.webp
provider_profile_photo/pintura-02.webp	seed/profile_photo/providers-100/provider-0095.webp
provider_profile_photo/climatizacion-03.webp	seed/profile_photo/providers-100/provider-0096.webp
provider_profile_photo/plomeria-01.webp	seed/profile_photo/providers-100/provider-0097.webp
provider_profile_photo/electricidad-02.webp	seed/profile_photo/providers-100/provider-0098.webp
provider_profile_photo/gas-03.webp	seed/profile_photo/providers-100/provider-0099.webp
provider_profile_photo/carpinteria-01.webp	seed/profile_photo/providers-100/provider-0100.webp
